id,title,owner,blueprint,primary_domain,cbt_coverage,learn_by,teach_back,cross_study,swap_quiz,note_path,main_points,skip_low_priority
T01,"Software dev methods: agile, lean, waterfall",Bob,1.4,D1,Partial,2026-10-05,2026-10-08,2026-10-21,2026-10-24,notes/d1-software-development/T01-software-dev-methods-agile-lean-waterfall.md,"Waterfall = sequential phases; agile = short iterations/sprints; lean = cut waste. Know when each fits (CBT only gives a short intro, so use the tracker top-up T01.2).",Ceremony detail
T02,"Functions, classes, modules",Beedy,1.5,D1,Full,2026-10-05,2026-10-08,2026-10-21,2026-10-24,notes/d1-software-development/T02-functions-classes-modules.md,"Why organise code: reuse, readability, testing. Module = a file you import.",Syntax basics (you know them)
T03,Design patterns: MVC + Observer,Bob,1.6,D1,Full,2026-10-05,2026-10-08,2026-10-21,2026-10-24,notes/d1-software-development/T03-design-patterns-mvc-observer.md,"MVC: Model = data, View = display, Controller = logic between them. Observer: subject notifies subscribed observers on change. Check the video really teaches these two.",Singleton video
T04,Git + version control,Beedy,"1.7, 1.8",D1,Full,2026-10-05,2026-10-08,2026-10-21,2026-10-24,notes/d1-software-development/T04-git-version-control.md,"Qs only. Traps: rm vs rm --cached, reset vs revert, fetch vs pull, diff --staged.",Whole CBT Git videos
T05,Unified diffs,Beedy,5.12,D5,Full,2026-10-06,2026-10-08,2026-10-21,2026-10-24,notes/d5-infrastructure-automation/T05-unified-diffs.md,"Read @@ -a,b +c,d @@ hunk headers; ""-"" = removed, ""+"" = added, no sign = context.",Anything beyond reading a diff
T06,Data formats + parsing,Beedy,"1.1, 1.2",D1,Full,2026-10-06,2026-10-08,2026-10-21,2026-10-24,notes/d1-software-development/T06-data-formats-parsing.md,"XML vs JSON vs YAML syntax and differences; parse to Python dict (json.loads, yaml.safe_load, xmltodict).",Long parsing walkthroughs
T07,"REST fundamentals, HTTP codes",Beedy,"2.1, 2.4-2.6",D2,Full,2026-10-09,2026-10-12,2026-10-21,2026-10-24,notes/d2-apis/T07-rest-fundamentals-http-codes.md,"Verbs map to CRUD; 2xx/3xx/4xx/5xx and key codes (200, 201, 204, 400, 401, 403, 404, 429, 500); path vs query params; headers vs body.",Tool demos (Postman)
T08,API consumption constraints,Beedy,2.3,D2,None,2026-10-09,2026-10-12,2026-10-21,2026-10-24,notes/d2-apis/T08-api-consumption-constraints.md,"Rate limits (429 + Retry-After), pagination (page params or Link header), payload size limits. Not in CBT: use tracker top-up T08.1.",n/a
T09,"API styles: REST vs RPC, sync vs async",Beedy,2.8,D2,Partial,2026-10-10,2026-10-12,2026-10-22,2026-10-24,notes/d2-apis/T09-api-styles-rest-vs-rpc-sync-vs-async.md,"REST = resources + HTTP verbs; RPC = call a named action; REST vs SOAP; async = 202 Accepted then poll a task ID. Use top-ups T09.1, T09.2.",n/a
T10,API authentication,Beedy,2.7,D2,Full,2026-10-10,2026-10-12,2026-10-22,2026-10-24,notes/d2-apis/T10-api-authentication.md,"Basic (base64 user:pass), token (Bearer or custom header), API key (header or query). Match each platform to its method on the Notes quick reference.",Tool setup
T11,Python requests scripting,Beedy,2.9,D2,Full,2026-10-11,2026-10-12,2026-10-22,2026-10-24,notes/d2-apis/T11-python-requests-scripting.md,"requests.get/post with headers=, json=, verify, raise_for_status(), .json(). Complete-the-code style Qs.",Writing long scripts
T12,Automation foundations: controller vs device,Bob,"5.1, 5.2",D5,Full,2026-10-05,2026-10-08,2026-10-21,2026-10-24,notes/d5-infrastructure-automation/T12-automation-foundations-controller-vs-device.md,"Controller-level (Catalyst Center, APIC, SD-WAN Manager) vs device-level (NX-API, RESTCONF/NETCONF); value of model-driven programmability.",n/a
T13,DevNet resources,Bob,3.7,D3,Full,2026-10-06,2026-10-08,2026-10-21,2026-10-24,notes/d3-cisco-platforms/T13-devnet-resources.md,"Sandbox, Code Exchange, Learning Labs, docs, forums/support: match each to a scenario.",VM/WSL environment setup
T14,YANG data models,Bob,"3.8, 5.11",D3,Full,2026-10-09,2026-10-12,2026-10-21,2026-10-24,notes/d3-cisco-platforms/T14-yang-data-models.md,"Module, container, list, leaf, key; read a snippet and work out the RESTCONF path.",Writing YANG
T15,NETCONF,Bob,"3.8, 5.10",D3,Full,2026-10-10,2026-10-12,2026-10-21,2026-10-24,notes/d3-cisco-platforms/T15-netconf.md,"SSH port 830, XML; operations get, get-config, edit-config; datastores running/candidate/startup.",Full ncclient scripts
T16,RESTCONF,Bob,"3.8, 5.10, 2.9",D3,Full,2026-10-11,2026-10-12,2026-10-21,2026-10-24,notes/d3-cisco-platforms/T16-restconf.md,HTTPS; GET/POST/PUT/PATCH/DELETE; yang-data+json media types; /restconf/data/... paths; interpret replies; NETCONF vs RESTCONF table.,n/a
T17,IOS XE and NX-OS device-level APIs,Bob,3.6,D3,Full,2026-10-11,2026-10-12,2026-10-21,2026-10-24,notes/d3-cisco-platforms/T17-ios-xe-and-nx-os-device-level-apis.md,NX-API CLI (CLI commands in JSON/XML) vs NX-API REST (object model); IOS XE uses RESTCONF/NETCONF.,Real-World Nexus video (optional)
T18,Meraki,Bob,"3.1, 3.2, 3.9",D3,Full,2026-10-13,2026-10-16,2026-10-22,2026-10-24,notes/d3-cisco-platforms/T18-meraki.md,Cloud dashboard API with API key; hierarchy org > network > device > client; rate limits; Python SDK.,Deep SDK walkthrough
T19,ACI,Bob,"3.1, 3.2, 3.9.a",D3,Full,2026-10-13,2026-10-16,2026-10-22,2026-10-24,notes/d3-cisco-platforms/T19-aci.md,APIC REST; aaaLogin returns a token cookie; managed objects; class queries (e.g. fabricNode).,ACI Toolkit detail
T20,Catalyst Center (DNA Center),Bob,"3.1, 3.2, 3.9",D3,Full,2026-10-14,2026-10-16,2026-10-22,2026-10-24,notes/d3-cisco-platforms/T20-catalyst-center-dna-center.md,Controller for campus; token from basic-auth call then token header; intent API; async tasks; learn the current name.,SDK walkthrough
T21,Collaboration: CUCM AXL + UDS,Bob,3.4,D3,Full,2026-10-14,2026-10-16,2026-10-22,2026-10-24,notes/d3-cisco-platforms/T21-collaboration-cucm-axl-uds.md,AXL = admin/provisioning (SOAP/XML); UDS = user-facing REST.,n/a
T22,Catalyst SD-WAN,Bob,"3.2, 3.9.a",D3,Full,2026-10-15,2026-10-16,2026-10-22,2026-10-24,notes/d3-cisco-platforms/T22-catalyst-sd-wan.md,SD-WAN Manager (was vManage): session login plus XSRF token; central API for the overlay.,n/a
T23,Security platforms,Bob,3.5,D3,Partial,2026-10-17,2026-10-20,2026-10-22,2026-10-24,notes/d3-cisco-platforms/T23-security-platforms.md,"FMC (Firepower, token auth), FDM (on-box), ISE (REST), plus one-liners for XDR, Secure Endpoint, Secure Connect, Malware Analytics (top-up T23.4).",ASA video
T24,Compute: UCS Manager + Intersight,Bob,3.3,D3,Full,2026-10-17,2026-10-20,2026-10-22,2026-10-24,notes/d3-cisco-platforms/T24-compute-ucs-manager-intersight.md,UCS Manager = on-prem domain manager; Intersight = cloud SaaS with API key + signed requests.,"UCS Director, PowerTool"
T25,NSO + Cisco Modeling Labs,Bob,"3.2, 5.3, 5.6",D3,Full,2026-10-17,2026-10-20,2026-10-22,2026-10-24,notes/d3-cisco-platforms/T25-nso-cisco-modeling-labs.md,NSO = multivendor service orchestration using YANG models and NEDs; CML = network simulation.,Terraform part
T26,Deployment models + edge computing,Beedy,4.1-4.3,D4,Full,2026-10-13,2026-10-16,2026-10-22,2026-10-24,notes/d4-app-deployment-security/T26-deployment-models-edge-computing.md,"Private/public/hybrid; VM vs bare metal vs container; edge = compute near the user (latency, bandwidth).",n/a
T27,Docker,Beedy,"4.3, 4.6, 4.7",D4,Full,2026-10-13,2026-10-16,2026-10-22,2026-10-24,notes/d4-app-deployment-security/T27-docker.md,"Qs only. Dockerfile: FROM, RUN, COPY, CMD, EXPOSE; build, run, ps, images.",Whole video
T28,CI/CD + DevOps principles,Beedy,"4.4, 4.12, 5.4",D4,Full,2026-10-13,2026-10-16,2026-10-22,2026-10-24,notes/d4-app-deployment-security/T28-ci-cd-devops-principles.md,"Qs only. Pipeline stages build > test > deploy; DevOps = automation, feedback, shared ownership.",Whole video
T29,"Secrets, encryption, data handling",Beedy,4.8,D4,Full,2026-10-14,2026-10-16,2026-10-22,2026-10-24,notes/d4-app-deployment-security/T29-secrets-encryption-data-handling.md,"Keep secrets out of code (env vars, vaults); encryption at rest vs in transit; hashing passwords.",n/a
T30,"OWASP: XSS, SQLi, CSRF",Beedy,4.10,D4,Full,2026-10-14,2026-10-16,2026-10-22,2026-10-24,notes/d4-app-deployment-security/T30-owasp-xss-sqli-csrf.md,"One-line definition and one fix each: XSS (sanitise output), SQL injection (parameterised queries), CSRF (anti-CSRF tokens).",n/a
T31,Bash,Beedy,"4.11, 5.9",D4,Full,2026-10-15,2026-10-16,2026-10-23,2026-10-24,notes/d4-app-deployment-security/T31-bash.md,"Qs only. ls/cd/cp/mv/chmod, export and $VAR, reading a short script.",Whole video
T32,TDD + Python unit tests,Beedy,"1.3, 4.5",D1,Full,2026-10-17,2026-10-20,2026-10-23,2026-10-24,notes/d1-software-development/T32-tdd-python-unit-tests.md,Red > green > refactor; unittest.TestCase and assert methods.,Postman testing
T33,IaC + tool comparison,Beedy,"5.5, 5.6",D5,Full,2026-10-17,2026-10-20,2026-10-23,2026-10-24,notes/d5-infrastructure-automation/T33-iac-tool-comparison.md,"IaC = declarative, repeatable, version-controlled; one-line differentiator: Ansible (agentless), Terraform (state, providers), NSO (YANG service models).",Whole video
T34,Ansible playbook interpretation,Beedy,5.8,D5,Full,2026-10-17,2026-10-20,2026-10-23,2026-10-24,notes/d5-infrastructure-automation/T34-ansible-playbook-interpretation.md,"Read hosts, tasks, modules, variables; what the play automates.",Ansible installation
T35,"Layer 2: MAC, VLANs",Bob,6.1,D6,Full,2026-10-06,2026-10-08,2026-10-23,2026-10-24,notes/d6-network-fundamentals/T35-layer-2-mac-vlans.md,Switch learns MACs into its table and forwards frames; VLAN = separate broadcast domain; access vs trunk.,n/a
T36,"Layer 3: IP, masks, routes, gateways",Bob,6.2,D6,Full,2026-10-06,2026-10-08,2026-10-23,2026-10-24,notes/d6-network-fundamentals/T36-layer-3-ip-masks-routes-gateways.md,"Prefix/mask maths, default gateway, routing table (longest prefix wins).",n/a
T37,"Transport, ports, IP services",Bob,"6.6, 6.7",D6,Full,2026-10-15,2026-10-16,2026-10-23,2026-10-24,notes/d6-network-fundamentals/T37-transport-ports-ip-services.md,"TCP vs UDP; ports 22, 23, 80, 443, 830, 53, 161/162, 123, 67/68; DHCP, DNS, NAT, SNMP, NTP roles.",n/a
T38,Topology diagrams + components,Bob,"6.3, 6.4",D6,Partial,2026-10-18,2026-10-20,2026-10-23,2026-10-24,notes/d6-network-fundamentals/T38-topology-diagrams-components.md,"Read a topology: switch, router, firewall, load balancer symbols and what each does (load balancers: see T41).",n/a
T39,"Management, control, data planes",Bob,6.5,D6,Full,2026-10-07,2026-10-08,2026-10-23,2026-10-24,notes/d6-network-fundamentals/T39-management-control-data-planes.md,Management = configure/monitor; control = decide paths; data = forward packets. Place protocols in each.,n/a
T40,App connectivity + network constraints,Bob,"6.8, 6.9",D6,Partial,2026-10-19,2026-10-20,2026-10-23,2026-10-24,notes/d6-network-fundamentals/T40-app-connectivity-network-constraints.md,"Latency, bandwidth, jitter, loss effects; diagnose NAT, blocked ports, proxy, VPN (top-up T40.2).",n/a
T41,"Firewall, DNS, LB, reverse proxy",Bob,4.9,D4,None,2026-10-19,2026-10-20,2026-10-23,2026-10-24,notes/d4-app-deployment-security/T41-firewall-dns-lb-reverse-proxy.md,"Role of each in app deployment; map AWS ALB/NLB, Route 53, WAF to Cisco wording. Not in CBT: top-up T41.1.",n/a
T42,Webex + Webex devices,Bob,"3.4, 3.9.b",D3,Partial,2026-10-18,2026-10-20,2026-10-23,2026-10-24,notes/d3-cisco-platforms/T42-webex-webex-devices.md,"Webex REST API: tokens (bot/integration), rooms and messages; xAPI for Webex devices (top-up T42.2).",Webex Teams (older module)
T43,Webhooks,Beedy,2.2,D2,None,2026-10-18,2026-10-20,2026-10-23,2026-10-24,notes/d2-apis/T43-webhooks.md,"Server pushes an event to your URL instead of you polling; registration = name, targetUrl, resource, event; read a payload. Not in CBT: top-up T43.1.",n/a
T44,pyATS + Genie,Beedy,5.3,D5,Full,2026-10-18,2026-10-20,2026-10-23,2026-10-24,notes/d5-infrastructure-automation/T44-pyats-genie.md,"Testbed file, connect, parse show output into structured data, Genie learn/diff.",Long demos
T45,Reading Python scripts using Cisco APIs,Bob,5.7,D5,Full,2026-10-18,2026-10-20,2026-10-23,2026-10-24,notes/d5-infrastructure-automation/T45-reading-python-scripts-using-cisco-apis.md,Spot the flow: auth > request > parse response > act. No dedicated video; use drill T45.1.,n/a
T46,Code review principles,Beedy,5.13,D5,None,2026-10-19,2026-10-20,2026-10-23,2026-10-24,notes/d5-infrastructure-automation/T46-code-review-principles.md,"Purpose: quality, shared knowledge, early bugs; small changes, constructive feedback. Not in CBT: top-up T46.1.",n/a
T47,Sequence diagrams with API calls,Beedy,5.14,D5,None,2026-10-19,2026-10-20,2026-10-23,2026-10-24,notes/d5-infrastructure-automation/T47-sequence-diagrams-with-api-calls.md,Read lifelines and arrows top to bottom; token-auth then call; async submit then poll. Not in CBT: top-up T47.1.,n/a
